#Celtic;;;;;;;;;;;;;;x
count_irish;High Lord;High Lord;High Lord;;High Lord;;;;;;;;;x
count_irish_female;High Lady;High Lady;High Lady;;High Lady;;;;;;;;;x
county_of_irish;High Lordship of;High Lordship de;High Lordship von;;High Lordship del Jeque;;;;;;;;;x
county_irish;High Lordship;High Lordship;High Lordship;;High Lordship;;;;;;;;;x
#duke_irish;King;Roi;König;;Rey;;;;;;;;;x
#duke_female_irish;Queen;Reine;Königin;;Reina;;;;;;;;;x
#duchy_of_irish;Kingdom of;Royaume de;Königreich von;;Reino de;;;;;;;;;x
#duchy_irish;Kingdom;Royaume;Königreich;;Reino;;;;;;;;;x
#duke_welsh;King;Roi;König;;Rey;;;;;;;;;x
#duke_female_welsh;Queen;Reine;Königin;;Reina;;;;;;;;;x
#duchy_of_welsh;Kingdom of;Royaume de;Königreich von;;Reino de;;;;;;;;;x
#duchy_welsh;Kingdom;Royaume;Königreich;;Reino;;;;;;;;;x
#king_irish;High King;Roi;König;;Rey;;;;;;;;;x
#king_female_irish;High Queen;Reine;Königin;;Reina;;;;;;;;;x
#kingdom_of_irish;High Kingdom of;Royaume de;Königreich von;;Reino de;;;;;;;;;x
#kingdom_irish;High Kingdom;High Kingdom;High Kingdom;;High Kingdom;;;;;;;;;x
king_welsh;Prince;Prince;Prince;;Prince;;;;;;;;;x
king_female_welsh;Princess;Princess;Princess;;Princess;;;;;;;;;x
kingdom_of_welsh;Principality of;Principality de;Principality von;;Principality de;;;;;;;;;x
kingdom_welsh;Principality;Principality;Principality;;Principality;;;;;;;;;x
barony_of_irish;Lordship of;Lordship de;Lordship von;;Lordship de;;;;;;;;;x
barony_irish;Lordship;Lordship;Lordship;;Lordship;;;;;;;;;x
baron_irish;Lord;Lord;Lord;;Lord;;;;;;;;;x
baron_irish_female;Lady;Lady;Lady;;Lady;;;;;;;;;x
barony_of_scottish;Lordship of;Lordship de;Lordship von;;Lordship de;;;;;;;;;x
barony_scottish;Lordship;Lordship;Lordship;;Lordship;;;;;;;;;x
baron_scottish;Lord;Lord;Lord;;Lord;;;;;;;;;x
baron_scottish_female;Lady;Lady;Lady;;Lady;;;;;;;;;x
city_count_scottish;Lord Provost;Lord Provost;Lord Provost;;Lord Provost;;;;;;;;;x
city_count_scottish_female;Lord Provost;Lord Provost;Lord Provost;;Lord Provost;;;;;;;;;x
city_baron_scottish;Provost;Provost;Provost;;Provost;;;;;;;;;x
city_baron_scottish_female;Provost;Provost;Provost;;Provost;;;;;;;;;x
#Byzantine;;;;;;;;;;;;;;x
baron_greek;Kephale;Kephale;Kephale;;Kephale;;;;;;;;;x
baron_female_greek;Kephale;Kephale;Kephale;;Kephale;;;;;;;;;x
barony_of_greek;Kephalatikion of;Kephalatikion de;Kephalatikion von;;Kephalatikion de;;;;;;;;;x
count_greek;Komes;Komes;Komes;;Komes;;;;;;;;;x
count_female_greek;Komessa;Komessa;Komessa;;Komessa;;;;;;;;;x
duke_female_greek;Doukessa;Doukessa;Doukessa;;Doukessa;;;;;;;;;x
county_of_greek;Bandon of;Bandon de;Bandon von;;Bandon del Jeque;;;;;;;;;x
duchy_of_greek;Theme of;Theme de;Theme von;;Theme de;;;;;;;;;x
king_female_greek;Despotess;Despotess;Despotess;;Despotess;;;;;;;;;x
barony_greek;Kephalatikion;Kephalatikion;Kephalatikion;;Kephalatikion;;;;;;;;;x
county_greek;Bandon;Bandon;Bandon;;Bandon;;;;;;;;;x
duchy_greek;Theme;Theme;Theme;;Theme;;;;;;;;;x
city_king_greek;Exarch;Exarch;Exarch;;Exarch;;;;;;;;;x
city_duke_greek;Katepano;Katepano;Katepano;;Katepano;;;;;;;;;x
city_count_greek;Archon;Archon;Archon;;Archon;;;;;;;;;x
city_baron_greek;Eparch;Eparch;Eparch;;Eparch;;;;;;;;;x
city_kingdom_of_greek;Exarchate of;Exarchate of;Exarchate of;;Exarchate of;;;;;;;;;x
city_duchy_of_greek;Katepanikion of;Katepanikion of;Katepanikion of;;Katepanikion of;;;;;;;;;x
city_county_of_greek;Archontia of;Archontia of;Archontia of;;Archontia of;;;;;;;;;x
job_marshal_greek;Protostrator;Protostrator;Protostrator;;Protostrator;;;;;;;;;x
job_chancellor_greek;Logothete;Logothete;Logothete;;Logothete;;;;;;;;;x
job_treasurer_greek;Sakellarios;Sakellarios;Sakellarios;;Sakellarios;;;;;;;;;x
baron_griko;Kephale;Kephale;Kephale;;Kephale;;;;;;;;;x
baron_female_griko;Kephale;Kephale;Kephale;;Kephale;;;;;;;;;x
barony_of_griko;Kephalatikion of;Kephalatikion de;Kephalatikion von;;Kephalatikion de;;;;;;;;;x
count_griko;Komes;Komes;Komes;;Komes;;;;;;;;;x
count_female_griko;Komessa;Komessa;Komessa;;Komessa;;;;;;;;;x
duke_female_griko;Doukessa;Doukessa;Doukessa;;Doukessa;;;;;;;;;x
county_of_griko;Bandon of;Bandon de;Bandon von;;Bandon del Jeque;;;;;;;;;x
duchy_of_griko;Theme of;Theme de;Theme von;;Theme de;;;;;;;;;x
king_female_griko;Despotess;Despotess;Despotess;;Despotess;;;;;;;;;x
barony_griko;Kephalatikion;Kephalatikion;Kephalatikion;;Kephalatikion;;;;;;;;;x
county_griko;Bandon;Bandon;Bandon;;Bandon;;;;;;;;;x
duchy_griko;Theme;Theme;Theme;;Theme;;;;;;;;;x
city_king_griko;Exarch;Exarch;Exarch;;Exarch;;;;;;;;;x
city_duke_griko;Katepano;Katepano;Katepano;;Katepano;;;;;;;;;x
city_count_griko;Archon;Archon;Archon;;Archon;;;;;;;;;x
city_baron_griko;Eparch;Eparch;Eparch;;Eparch;;;;;;;;;x
city_kingdom_of_griko;Exarchate of;Exarchate of;Exarchate of;;Exarchate of;;;;;;;;;x
city_duchy_of_griko;Katepanikion of;Katepanikion of;Katepanikion of;;Katepanikion of;;;;;;;;;x
city_county_of_griko;Archontia of;Archontia of;Archontia of;;Archontia of;;;;;;;;;x
job_marshal_griko;Protostrator;Protostrator;Protostrator;;Protostrator;;;;;;;;;x
job_chancellor_griko;Logothete;Logothete;Logothete;;Logothete;;;;;;;;;x
job_treasurer_griko;Sakellarios;Sakellarios;Sakellarios;;Sakellarios;;;;;;;;;x
title_prince_greek;Despotes;Despotes;Despotes;;Despotes;;;;;;;;;x
title_prince_female_greek;Despoina;Despoina;Despoina;;Despoina;;;;;;;;;x
title_prince_griko;Despotes;Despotes;Despotes;;Despotes;;;;;;;;;x
title_prince_female_griko;Despoina;Despoina;Despoina;;Despoina;;;;;;;;;x
king_georgian;Mepe-Mepeta;Mepe-Mepeta;Mepe-Mepeta;;Mepe-Mepeta;;;;;;;;;x
king_female_georgian;Mepe-Mepeta;Mepe-Mepeta;Mepe-Mepeta;;Mepe-Mepeta;;;;;;;;;x
duke_georgian;Mepe;Mepe;Mepe;;Mepe;;;;;;;;;x
duke_female_georgian;Mepe;Mepe;Mepe;;Mepe;;;;;;;;;x
duchy_of_georgian;Kingdom of;Royaume de;Königreich von;;Reino de;;;;;;;;;x
duchy_georgian;Kingdom;Royaume;Königreich;;Reino;;;;;;;;;x
count_georgian;Eristavi;Eristavi;Eristavi;;Eristavi;;;;;;;;;x
county_of_georgian;Saeristavo of;Saeristavo de;Saeristavo von;;Saeristavo del Jeque;;;;;;;;;x
county_georgian;Saeristavo;Saeristavo;Saeristavo;;Saeristavo;;;;;;;;;x
baron_georgian;Tsikhistavi;Tsikhistavi;Tsikhistavi;;Tsikhistavi;;;;;;;;;x
barony_of_georgian;Satsikhistavo of;Satsikhistavo de;Satsikhistavo von;;Satsikhistavo de;;;;;;;;;x
barony_georgian;Satsikhistavo;Satsikhistavo;Satsikhistavo;;Satsikhistavo;;;;;;;;;x
city_baron_georgian;Mouravi;Mouravi;Mouravi;;Mouravi;;;;;;;;;x
job_marshal_georgian;Spaspet;Spaspet;Spaspet;;Spaspet;;;;;;;;;x
title_prince_georgian;Tavadi;Tavadi;Tavadi;;Tavadi;;;;;;;;;x
title_prince_female_georgian;Tavadi;Tavadi;Tavadi;;Tavadi;;;;;;;;;x
count_armenian;Melik;Melik;Melik;;Melik;;;;;;;;;x
county_of_armenian;Melikdom of;Melikdom de;Melikdom von;;Melikdom del Jeque;;;;;;;;;x
county_armenian;Melikdom;Melikdom;Melikdom;;Melikdom;;;;;;;;;x
baron_armenian;Tanuter;Tanuter;Tanuter;;Tanuter;;;;;;;;;x
barony_of_armenian;Skhnakhi of;Skhnakhi de;Skhnakhi von;;Skhnakhi del Jeque;;;;;;;;;x
barony_armenian;Skhnakhi;Skhnakhi;Skhnakhi;;Skhnakhi;;;;;;;;;x
job_marshal_armenian;Sparapet;Sparapet;Sparapet;;Sparapet;;;;;;;;;x
city_county_of_greek;Metropolis of;Metropolis de;Metropolis von;;Metropolis del Jeque;;;;;;;;;x
city_county_of_griko;Metropolis of;Metropolis de;Metropolis von;;Metropolis del Jeque;;;;;;;;;x
city_barony_of_greek;Polis of;Polis de;Polis von;;Polis del Jeque;;;;;;;;;x
city_barony_of_griko;Polis of;Polis de;Polis von;;Polis del Jeque;;;;;;;;;x
temple_barony_greek;Metropolis;Metropolis;Metropolis;;Metropolis;;;;;;;;;x
temple_barony_griko;Metropolis;Metropolis;Metropolis;;Metropolis;;;;;;;;;x
temple_barony_of_greek;Metropolis of;Metropolis de;Metropolis von;;Metropolis del Jeque;;;;;;;;;x
temple_barony_of_griko;Metropolis of;Metropolis de;Metropolis von;;Metropolis del Jeque;;;;;;;;;x
temple_baron_greek;Metropolitan;Metropolitan;Metropolitan;;Metropolitan;;;;;;;;;x
temple_baron_griko;Metropolitan;Metropolitan;Metropolitan;;Metropolitan;;;;;;;;;x
#Slavic and Baltic;;;;;;;;;;;;;;x
king_east_slavic;Grand Duke;Grand Duke;Grand Duke;;Grand Duke;;;;;;;;;x
king_title_ruler_consort_east_slavic;Grand Duke;Grand Duke;Grand Duke;;Grand Duke;;;;;;;;;x
king_female_east_slavic;Grand Duchess;Grand Duchess;Grand Duchess;;Grand Duchess;;;;;;;;;x
king_title_ruler_consort_female_east_slavic;Grand Duchess;Grand Duchess;Grand Duchess;;Grand Duchess;;;;;;;;;x
kingdom_of_east_slavic;Grand Duchy of;Grand Duchy de;Grand Duchy von;;Grand Duchy de;;;;;;;;;x
kingdom_east_slavic;Grand Duchy;Grand Duchy;Grand Duchy;;Grand Duchy;;;;;;;;;x
king_baltic;Grand Duke;Grand Duke;Grand Duke;;Grand Duke;;;;;;;;;x
king_title_ruler_consort_baltic;Grand Duke;Grand Duke;Grand Duke;;Grand Duke;;;;;;;;;x
king_female_baltic;Grand Duchess;Grand Duchess;Grand Duchess;;Grand Duchess;;;;;;;;;x
king_title_ruler_consort_female_baltic;Grand Duchess;Grand Duchess;Grand Duchess;;Grand Duchess;;;;;;;;;x
kingdom_of_baltic;Grand Duchy of;Grand Duchy de;Grand Duchy von;;Grand Duchy de;;;;;;;;;x
kingdom_baltic;Grand Duchy;Grand Duchy;Grand Duchy;;Grand Duchy;;;;;;;;;x
duke_east_slavic;Grand Prince;Grand-prince;Großfürst;;Gran Príncipe;;;;;;;;;x
duchy_of_east_slavic;Principality of;Principauté de;Fürstentum von;;Principado de;;;;;;;;;x
duchy_east_slavic;Principality;Principauté;Fürstentum;;Principado;;;;;;;;;x
duke_serbian;Grand Prince;Grand-prince;Großfürst;;Gran Príncipe;;;;;;;;;x
duchy_of_serbian;Principality of;Principauté de;Fürstentum von;;Principado de;;;;;;;;;x
duchy_serbian;Principality;Principauté;Fürstentum;;Principado;;;;;;;;;x
duke_croatian;Grand Prince;Grand-prince;Großfürst;;Gran Príncipe;;;;;;;;;x
duchy_of_croatian;Principality of;Principauté de;Fürstentum von;;Principado de;;;;;;;;;x
duchy_croatian;Principality;Principauté;Fürstentum;;Principado;;;;;;;;;x
duke_slovene;Grand Prince;Grand-prince;Großfürst;;Gran Príncipe;;;;;;;;;x
duchy_of_slovene;Principality of;Principauté de;Fürstentum von;;Principado de;;;;;;;;;x
duchy_slovene;Principality;Principauté;Fürstentum;;Principado;;;;;;;;;x
duke_west_slavic;Voivode;Voivode;Voivode;;Voivode;;;;;;;;;x
duchy_of_west_slavic;Voivodeship of;Voivodeship de;Voivodeship von;;Voivodeship de;;;;;;;;;x
duchy_west_slavic;Voivodeship;Voivodeship;Voivodeship;;Voivodeship;;;;;;;;;x
duke_south_slavic;Voivode;Voivode;Voivode;;Voivode;;;;;;;;;x
duchy_of_south_slavic;Voivodeship of;Voivodeship de;Voivodeship von;;Voivodeship de;;;;;;;;;x
duchy_south_slavic;Voivodeship;Voivodeship;Voivodeship;;Voivodeship;;;;;;;;;x
count_east_slavic;Boyar;Boyar;Boyar;;Boyar;;;;;;;;;x
county_of_east_slavic;Boyardom of;Boyardom de;Boyardom von;;Boyardom del Jeque;;;;;;;;;x
county_east_slavic;Boyardom;Boyardom;Boyardom;;Boyardom;;;;;;;;;x
count_bulgarian;Boyar;Boyar;Boyar;;Boyar;;;;;;;;;x
county_of_bulgarian;Boyardom of;Boyardom de;Boyardom von;;Boyardom del Jeque;;;;;;;;;x
county_bulgarian;Boyardom;Boyardom;Boyardom;;Boyardom;;;;;;;;;x
city_count_east_slavic;Posadnik;Posadnik;Posadnik;;Posadnik;;;;;;;;;x
city_county_of_east_slavic;Posadnikdom of;Posadnikdom of;Posadnikdom of;;Posadnikdom of;;;;;;;;;x
baron_serbian;Župan;Župan;Župan;;Župan;;;;;;;;;x
barony_of_serbian;Župa of;Župa de;Župa von;;Župa del Jeque;;;;;;;;;x
barony_serbian;Župa;Župa;Župa;;Župa;;;;;;;;;x
baron_croatian;Župan;Župan;Župan;;Župan;;;;;;;;;x
barony_of_croatian;Župa of;Župa de;Župa von;;Župa del Jeque;;;;;;;;;x
barony_croatian;Župa;Župa;Župa;;Župa;;;;;;;;;x
baron_slovene;Župan;Župan;Župan;;Župan;;;;;;;;;x
barony_of_slovene;Župa of;Župa de;Župa von;;Župa del Jeque;;;;;;;;;x
barony_slovene;Župa;Župa;Župa;;Župa;;;;;;;;;x
count_south_slavic;Ban;Ban;Ban;;Ban;;;;;;;;;x
county_of_south_slavic;Banat of;Banat de;Banat von;;Banat del Jeque;;;;;;;;;x
county_south_slavic;Banat;Banat;Banat;;Banat;;;;;;;;;x
count_magyar;Ban;Ban;Ban;;Ban;;;;;;;;;x
county_of_magyar;Banat of;Banat de;Banat von;;Banat del Jeque;;;;;;;;;x
county_magyar;Banat;Banat;Banat;;Banat;;;;;;;;;x
baron_polish;Castellan;Castellan;Castellan;;Castellan;;;;;;;;;x
barony_of_polish;Castellany of;Castellany de;Castellany von;;Castellany del Jeque;;;;;;;;;x
barony_polish;Castellany;Castellany;Castellany;;Castellany;;;;;;;;;x
baron_lithuanian;Castellan;Castellan;Castellan;;Castellan;;;;;;;;;x
barony_of_lithuanian;Castellany of;Castellany de;Castellany von;;Castellany del Jeque;;;;;;;;;x
barony_lithuanian;Castellany;Castellany;Castellany;;Castellany;;;;;;;;;x
job_marshal_vlach;Ispravnic;Ispravnic;Ispravnic;;Ispravnic;;;;;;;;;x
job_treasurer_vlach;Vistiernic;Vistiernic;Vistiernic;;Vistiernic;;;;;;;;;x
job_chancellor_vlach;Logofat;Logofat;Logofat;;Logofat;;;;;;;;;x
title_prince_east_slavic;Tsarevich;Tsarevich;Tsarevich;;Tsarevich;;;;;;;;;x
title_prince_female_east_slavic;Tsarevna;Tsarevna;Tsarevna;;Tsarevna;;;;;;;;;x
job_treasurer_serbian;Protovestijar;Protovestijar;Protovestijar;;Protovestijar;;;;;;;;;x
job_treasurer_croatian;Protovestijar;Protovestijar;Protovestijar;;Protovestijar;;;;;;;;;x
job_treasurer_slovene;Protovestijar;Protovestijar;Protovestijar;;Protovestijar;;;;;;;;;x
duke_polish;Duke;Duc;Herzog;;Duque;;;;;;;;;x
duke_female_polish;Duchess;Duchesse;Herzogin;;Duquesa;;;;;;;;;x
duchy_of_polish;Duchy of;Duché de;Herzogtum von;;Ducado de;;;;;;;;;x
duchy_polish;Duchy;Duché;Herzogtum;;Ducado;;;;;;;;;x
duke_lithuanian;Duke;Duc;Herzog;;Duque;;;;;;;;;x
duke_female_lithuanian;Duchess;Duchesse;Herzogin;;Duquesa;;;;;;;;;x
duchy_of_lithuanian;Duchy of;Duché de;Herzogtum von;;Ducado de;;;;;;;;;x
duchy_lithuanian;Duchy;Duché;Herzogtum;;Ducado;;;;;;;;;x
#East African;;;;;;;;;;;;;;x
king_east_african;Negus;Negus;Negus;;Negus;;;;;;;;;x
king_female_east_african;Nigist;Nigist;Nigist;;Nigist;;;;;;;;;x
emperor_east_african;Negusa Nagast;Negusa Nagast;Negusa Nagast;;Negusa Nagast;;;;;;;;;x
emperor_female_east_african;Nigiste Negest;Nigiste Negest;Nigiste Negest;;Nigiste Negest;;;;;;;;;x
duke_east_african;Ras;Ras;Ras;;Ras;;;;;;;;;x
count_east_african;Bitwoded;Bitwoded;Bitwoded;;Bitwoded;;;;;;;;;x
baron_east_african;Fitawrari;Fitawrari;Fitawrari;;Fitawrari;;;;;;;;;x
city_king_east_african;Nebura Ed;Nebura Ed;Nebura Ed;;Nebura Ed;;;;;;;;;x
city_duke_east_african;Liqat;Liqat;Liqat;;Liqat;;;;;;;;;x
city_count_east_african;Mekonnen;Mekonnen;Mekonnen;;Mekonnen;;;;;;;;;x
city_baron_east_african;Shum;Shum;Shum;;Shum;;;;;;;;;x
job_marshal_east_african;Dejazmach;Dejazmach;Dejazmach;;Dejazmach;;;;;;;;;x
job_treasurer_east_african;Tshehafi Tezaz;Tshehafi Tezaz;Tshehafi Tezaz;;Tshehafi Tezaz;;;;;;;;;x
king_somali;Boqor;Boqor;Boqor;;Boqor;;;;;;;;;x
king_female_somali;Boqorad;Boqorad;Boqorad;;Boqorad;;;;;;;;;x
count_somali;Boqortiishe;Boqortiishe;Boqortiishe;;Boqortiishe;;;;;;;;;x
baron_somali;Ugaas;Ugaas;Ugaas;;Ugaas;;;;;;;;;x
city_baron_somali;Caaqil;Caaqil;Caaqil;;Caaqil;;;;;;;;;x
temple_baron_somali;Islaan;Islaan;Islaan;;Islaan;;;;;;;;;x
job_marshal_somali;Malaakh;Malaakh;Malaakh;;Malaakh;;;;;;;;;x
job_spymaster_somali;Guurtiyaal;Guurtiyaal;Guurtiyaal;;Guurtiyaal;;;;;;;;;x
title_prince_east_african;Abeto;Abeto;Abeto;;Abeto;;;;;;;;;x
title_prince_female_east_african;Emebet Hoy;Emebet Hoy;Emebet Hoy;;Emebet Hoy;;;;;;;;;x
#West African;;;;;;;;;;;;;;x
city_duke_west_african;Dyamani-Tigui;Dyamani-Tigui;Dyamani-Tigui;;Dyamani-Tigui;;;;;;;;;x
city_count_west_african;Kafo-Tigui;Kafo-Tigui;Kafo-Tigui;;Kafo-Tigui;;;;;;;;;x
city_baron_west_african;Dougou-Tigui;Dougou-Tigui;Dougou-Tigui;;Dougou-Tigui;;;;;;;;;x
job_marshal_west_african;Farari;Farari;Farari;;Farari;;;;;;;;;x
job_chancellor_west_african;Kankoro-Sigui;Kankoro-Sigui;Kankoro-Sigui;;Kankoro-Sigui;;;;;;;;;x;
county_of_west_african;Kafu of;Kafu de;Kafu von;;Kafu del Jeque de;;;;;;;;;x;
county_west_african;Kafu;Kafu;Kafu;;Kafu del Jeque;;;;;;;;;x;
city_county_of_west_african;Kafu of;Kafu de;Kafu von;;Kafu del Jeque;;;;;;;;;x
temple_county_west_african;Kafu;Kafu;Kafu;;Kafu del Jeque;;;;;;;;;x;
temple_county_of_west_african;Kafu of;Kafu de;Kafu von;;Kafu del jeque de;;;;;;;;;x
baron_west_african;Ton-Tigui;Ton-Tigui;Ton-Tigui;;Ton-Tigui;;;;;;;;;x
barony_of_west_african;Horon of;Horon de;Horon von;;Horon de;;;;;;;;;x
barony_west_african;Horon;Horon;Horon;;Horon;;;;;;;;;x
king_jolof;Maad;Maad;Maad;;Maad;;;;;;;;;x
duke_jolof;Lamane;Lamane;Lamane;;Lamane;;;;;;;;;x
count_jolof;Fara;Fara;Fara;;Fara;;;;;;;;;x
king_serer;Maad;Maad;Maad;;Maad;;;;;;;;;x
duke_serer;Lamane;Lamane;Lamane;;Lamane;;;;;;;;;x
count_serer;Fara;Fara;Fara;;Fara;;;;;;;;;x
king_mossi;Mogho Naaba;Mogho Naaba;Mogho Naaba;;Mogho Naaba;;;;;;;;;x
duke_mossi;Dima;Dima;Dima;;Dima;;;;;;;;;x
count_mossi;Nakomse;Nakomse;Nakomse;;Nakomse;;;;;;;;;x
title_prince_west_african;Maghan;Maghan;Maghan;;Maghan;;;;;;;;;x
#Germanic;;;;;;;;;;;;;;x
county_of_west_germanic;Shire of;Shire de;Shire von;;Shire del Jeque;;;;;;;;;x
county_west_germanic;Shire;Shire;Shire;;Shire del Jeque;;;;;;;;;x
duke_north_germanic;Jarl;Jarl;Jarl;;Jarl;;;;;;;;;x
baron_north_germanic;Lord;Seigneur;Fürst;;Señor;;;;;;;;;x
duchy_of_north_germanic;Jarldom of;Jarldom de;Jarldom von;;Jarldom de;;;;;;;;;x
duchy_north_germanic;Jarldom;Jarldom;Jarldom;;Jarldom;;;;;;;;;x
city_county_of_central_germanic;Free Imperial City of;Ville Libre D'Empire de;Freie Reichsstadt von;;Ciudad Imperial Libre del Jeque;;;;;;;;;x
city_count_central_germanic;Burgomeister;Burgomeister;Burgomeister;;Burgomeister;;;;;;;;;x
#Zoroastrian and Iranian;;;;;;;;;;;;;;x
count_pashtun;Malik;Malik;Malik;;Malik;;;;;;;;;x
count_female_pashtun;Malikah;Malikah;Malikah;;Malikah;;;;;;;;;x
county_of_pashtun;Malikate of;Malikate de;Malikate von;;Malikate del Jeque;;;;;;;;;x
county_pashtun;Malikate;Malikate;Malikate;;Malikate;;;;;;;;;x
#baron_zoroastrian_group;Bozorgan;Bozorgan;Bozorgan;;Bozorgan;;;;;;;;;x
#baron_female_zoroastrian_group;Bozorgan;Bozorgan;Bozorgan;;Bozorgan;;;;;;;;;x
#barony_of_zoroastrian_group;Dizpat of;Dizpat de;Dizpat von;;Dizpat de;;;;;;;;;x
#count_zoroastrian_group;Argbadh;Argbadh;Argbadh;;Argbadh;;;;;;;;;x
#county_of_zoroastrian_group;Arg of;Arg de;Arg von;;Arg del Jeque;;;;;;;;;x
#duke_zoroastrian_group;Marzban of;Marzban de;Marzban von;;Marzban del Jeque;;;;;;;;;x
#duchy_of_zoroastrian_group;Marzpanate of;Marzpanate de;Marzpanate von;;Marzpanate de;;;;;;;;;x
#barony_zoroastrian_group;Dizpat;Dizpat;Dizpat;;Dizpat;;;;;;;;;x
#county_zoroastrian_group;Arg;Arg;Arg;;Arg;;;;;;;;;x
#duchy_zoroastrian_group;Marzpanate;Marzpanate;Marzpanate;;Marzpanate;;;;;;;;;x
#city_count_zoroastrian_group;Satrap;Satrap;Satrap;;Satrap;;;;;;;;;x
#city_baron_zoroastrian_group;Azadan;Azadan;Azadan;;Azadan;;;;;;;;;x
#city_county_of_zoroastrian_group;Satrapy of;Satrapy of;Satrapy of;;Satrapy of;;;;;;;;;x
job_marshal_zoroastrian_group;Spahbod;Spahbod;Spahbod;;Spahbod;;;;;;;;;x
job_spiritual_zoroastrian_group;Court Magi;Court Magi;Court Magi;;Magi de la corte;;;;;;;;;x;
job_treasurer_zoroastrian_group;Ho Tokhshan Bod;Ho Tokhshan Bod;Ho Tokhshan Bod;;Ho Tokhshan Bod;;;;;;;;;x
job_chancellor_zoroastrian_group;Bozorg Farmadar;Bozorg Farmadar;Bozorg Farmadar;;Bozorg Farmadar;;;;;;;;;x
temple_emperor_zoroastrian_group;Moabandan-Moabad;Moabandan-Moabad;Moabandan-Moabad;;Moabandan-Moabad;;;;;;;;;x
temple_king_zoroastrian_group;Moabandan-Moabad;Moabandan-Moabad;Moabandan-Moabad;;Moabandan-Moabad;;;;;;;;;x
temple_duke_zoroastrian_group;Magi;Magi;Magi;;Magi;;;;;;;;;x
temple_duchy_of_zoroastrian_group;Atash i-Vahram of;Atash i-Vahram de;Atash i-Vahram von;;Atash i-Vahram de;;;;;;;;;x
temple_count_zoroastrian_group;Dastur;Dastur;Dastur;;Dastur;;;;;;;;;x
temple_county_of_zoroastrian_group;Atash i-Adaran of;Atash i-Adaran de;Atash i-Adaran von;;Atash i-Adaran del jeque de;;;;;;;;;x
temple_baron_zoroastrian_group;Mobad;Mobad;Mobad;;Mobad;;;;;;;;;x
temple_barony_of_zoroastrian_group;Atash i-Dadgah of;Atash i-Dadgah de;Atash i-Dadgah von;;Atash i-Dadgah de;;;;;;;;;x
title_prince_iranian;Shahzadeh;Shahzadeh;Shahzadeh;;Shahzadeh;;;;;;;;;x
title_prince_female_iranian;Shahzadeh;Shahzadeh;Shahzadeh;;Shahzadeh;;;;;;;;;x
barony_of_azeri;Aul;Aul;Aul;;Aul;;;;;;;;;x
barony_azeri;Aul;Aul;Aul;;Aul;;;;;;;;;x
#Altaic;;;;;;;;;;;;;;x
duke_mongol;Noyan;Noyan;Noyan;;Noyan;;;;;;;;;x
count_mongol;Darga;Darga;Darga;;Darga;;;;;;;;;x
baron_mongol;Taishi;Taishi;Taishi;;Taishi;;;;;;;;;x
duke_female_mongol;Begum;Begum;Begum;;Begum;;;;;;;;;x
count_female_mongol;Behichi;Behichi;Behichi;;Behichi;;;;;;;;;x
baron_female_mongol;Behi;Behi;Behi;;Behi;;;;;;;;;x
title_prince_mongol;Taiji;Taiji;Taiji;;Taiji;;;;;;;;;x
title_prince_female_mongol;Gongzhu;Gongzhu;Gongzhu;;Gongzhu;;;;;;;;;x
job_marshal_mongol;Boyan;Boyan;Boyan;;Boyan;;;;;;;;;x
duke_cuman;Tarkhan;Tarkhan;Tarkhan;;Tarkhan;;;;;;;;;x
duke_pecheneg;Tarkhan;Tarkhan;Tarkhan;;Tarkhan;;;;;;;;;x
duke_bulgar;Tarkhan;Tarkhan;Tarkhan;;Tarkhan;;;;;;;;;x
city_baron_bulgar;Boritarkan;Boritarkan;Boritarkan;;Boritarkan;;;;;;;;;x
count_cuman;Baghatur;Baghatur;Baghatur;;Baghatur;;;;;;;;;x
count_pecheneg;Baghatur;Baghatur;Baghatur;;Baghatur;;;;;;;;;x
count_bulgar;Baghatur;Baghatur;Baghatur;;Baghatur;;;;;;;;;x
job_marshal_bulgar;Kanusubigi;Kanusubigi;Kanusubigi;;Kanusubigi;;;;;;;;;x
job_treasurer_turkish;Defterdar;Defterdar;Defterdar;;Defterdar;;;;;;;;;x
#Hindu Titles;;;;;;;;;;;;;;x
barony_of_indian;Jagirdar of;Jagirdar de;Jagirdar von;;Jagirdar de;;;;;;;;;x
barony_indian;Jagir;Jagir;Jagir;;Jagir;;;;;;;;;x
baron_indian;Jagirdar;Jagirdar;Jagirdar;;Jagirdar;;;;;;;;;x
baron_indian_female;Jagirdar;Jagirdar;Jagirdar;;Jagirdar;;;;;;;;;x
count_indian;Sardar;Sardar;Sardar;;Sardar;;;;;;;;;x
count_indian_female;Sardar;Sardar;Sardar;;Sardar;;;;;;;;;x
#county_of_indian;High Lordship of;High Lordship de;High Lordship von;;High Lordship del Jeque;;;;;;;;;x
#county_indian;High Lordship;High Lordship;High Lordship;;High Lordship;;;;;;;;;x
duke_indian;Thakur;Thakur;Thakur;;Thakur;;;;;;;;;x
duke_female_indian;Thakurani;Thakurani;Thakurani;;Thakurani;;;;;;;;;x
duchy_of_indian;Thikana of;Thikana de;Thikana von;;Thikana de;;;;;;;;;x
duchy_indian;Thikana;Thikana;Thikana;;Thikana;;;;;;;;;x
king_indian;Raja;Raja;Raja;;Raja;;;;;;;;;x
king_female_indian;Rani;Rani;Rani;;Rani;;;;;;;;;x
king_title_ruler_consort_indian;Raja;Raja;Raja;;Raja;;;;;;;;;x
king_title_ruler_consort_female_indian;Rani;Rani;Rani;;Rani;;;;;;;;;x
kingdom_of_indian;Raj of;Raj de;Raj von;;Raj de;;;;;;;;;x
kingdom_indian;Raj;Raj;Raj;;Raj;;;;;;;;;
emperor_indian;Samraat;Samraat;Samraat;;Samraat;;;;;;;;;x
emperor_title_ruler_consort_indian;Samraat;Samraat;Samraat;;Samraat;;;;;;;;;x
emperor_title_ruler_consort_female_indian;Samraani;Samraani;Samraani;;Samraani;;;;;;;;;x
emperor_female_indian;Samraani;Samraani;Samraani;;Samraani;;;;;;;;;x
empire_of_indian;Raj of;Raj de;Raj von;;Raj de;;;;;;;;;x
empire_indian;Raj;Raj;Raj;;Raj;;;;;;;;;
#Roman;;;;;;;;;;;;;;x
emperor_roman;Imperator;Roi;Rex;;Rey;;;;;;;;;x
emperor_female_roman;Imperatrix;Roi;Rex;;Rey;;;;;;;;;x
king_roman;Rex;Roi;Regas;;Rey;;;;;;;;;x
king_female_roman;Regina;Reine;Regina;;Reina;;;;;;;;;x
duke_roman;Legatus Augusti;;;;;;;;;;;;;x
duke_female_roman;Legata Augusti;;;;;;;;;;;;;x
count_roman;Legatus;;;;;;;;;;;;;x
count_female_roman;Legata;;;;;;;;;;;;;x
baron_roman;Eques;;;;;;;;;;;;;x
baron_female_roman;Eques;;;;;;;;;;;;;x
city_emperor_roman;Emperor;Empereur;Kaiser;;Emperador;;;;;;;;;x
city_king_roman;Consul;Consul;Konsulat;;Cónsul;;;;;;;;;x
city_duke_roman;Proconsul;Proconsul;Prokonsul;;Procónsul;;;;;;;;;x
city_count_roman;Lord Prefect;Seigneur-Préfet;Oberbürgermeister;;Gran Prefecto;;;;;;;;;x
city_baron_roman;Prefect;Préfet;Bürgermeister;;Prefecto;;;;;;;;;x
family_palace_baron_roman;Pater Familias;;;;;;;;;;;;;x
family_palace_baron_female_roman;Mater Familias;;;;;;;;;;;;;x
#Other Religious Titles;;;;;;;;;;;;;;x
temple_king_manichaean;Apostle;Apostle;Apostle;;Apostle;;;;;;;;;x
temple_kingdom_of_manichaean;Apostolate of;Apostolate de;Apostolate von;;Apostolate de;;;;;;;;;x
temple_duke_manichaean;Apostle;Apostle;Apostle;;Apostle;;;;;;;;;x
temple_duchy_of_manichaean;Apostolate of;Apostolate de;Apostolate von;;Apostolate de;;;;;;;;;x
temple_count_manichaean;Bishop;Bishop;Bishop;;Bishop;;;;;;;;;x
temple_county_of_manichaean;Bishopric of;Évêché de;Bistum von;;Obispado de;;;;;;;;;x
temple_baron_manichaean;Prebyster;Prebyster;Prebyster;;Prebyster;;;;;;;;;x
temple_barony_of_manichaean;Prebysterate of;Prebysterate de;Prebysterate von;;Prebysterate de;;;;;;;;;x
temple_king_bektashi;Dedebaba;Dedebaba;Dedebaba;;Dedebaba;;;;;;;;;x
temple_kingdom_of_bektashi;Pir Evi of;Pir Evi de;Pir Evi von;;Pir Evi de;;;;;;;;;x
temple_duke_bektashi;Dedebaba;Dedebaba;Dedebaba;;Dedebaba;;;;;;;;;x
temple_duchy_of_bektashi;Pir Evi of;Pir Evi de;Pir Evi von;;Pir Evi de;;;;;;;;;x
temple_count_bektashi;Halife-Baba;Halife-Baba;Halife-Baba;;Halife-Baba;;;;;;;;;x
temple_county_of_bektashi;Khanqah of;Khanqah de;Khanqah von;;Khanqah de;;;;;;;;;x
temple_baron_bektashi;Baba;Baba;Baba;;Baba;;;;;;;;;x
temple_barony_of_bektashi;Tekke of;Tekke de;Tekke von;;Tekke de;;;;;;;;;x
temple_king_druze;Ajawid;Ajawid;Ajawid;;Ajawid;;;;;;;;;x
temple_kingdom_of_druze;Al-Kabir Khalwa of;Al-Kabir Khalwa de;Al-Kabir Khalwa von;;Al-Kabir Khalwa de;;;;;;;;;x
temple_duke_druze;Ajawid;Ajawid;Ajawid;;Ajawid;;;;;;;;;x
temple_duchy_of_druze;Al-Kabir Khalwa of;Al-Kabir Khalwa de;Al-Kabir Khalwa von;;Al-Kabir Khalwa de;;;;;;;;;x
temple_count_druze;Uqqal;Uqqal;Uqqal;;Uqqal;;;;;;;;;x
temple_county_of_druze;Khalwa of;Khalwa de;Khalwa von;;Khalwa de;;;;;;;;;x
temple_baron_druze;Ra’is;Ra’is;Ra’is;;Ra’is;;;;;;;;;x
temple_barony_of_druze;Mqateh of;Mqateh de;Mqateh von;;Mqateh de;;;;;;;;;x
temple_king_mandaean;Rishamma;Rishamma;Rishamma;;Rishamma;;;;;;;;;x
temple_kingdom_of_mandaean;Padashar of;Padashar de;Padashar von;;Padashar de;;;;;;;;;x
temple_duke_mandaean;Ganzibria;Ganzibria;Ganzibria;;Ganzibria;;;;;;;;;x
temple_duchy_of_mandaean;Daura of;Daura de;Daura von;;Daura de;;;;;;;;;x
temple_count_mandaean;Tarmida;Tarmida;Tarmida;;Tarmida;;;;;;;;;x
temple_county_of_mandaean;Mata of;Mata de;Mata von;;Mata de;;;;;;;;;x
temple_baron_mandaean;Yalufa;Yalufa;Yalufa;;Yalufa;;;;;;;;;x
temple_barony_of_mandaean;Mandi of;Mandi de;Mandi von;;Mandi de;;;;;;;;;x
temple_count_judaism_group;Chief Rabbi;Grand Rabbin;Oberrabbiner;;Gran Rabino;;;;;;;;;x
temple_county_of_judaism_group;Rabinnate of;Rabbinat de;Rabbinat von;;Rabinato de;;;;;;;;;x
temple_baron_judaism_group;Rabbi;Rabbi;Rabbi;;Rabbi;;;;;;;;;x
temple_barony_of_judaism_group;Synagogue of;Synagogue de;Synagogue von;;Synagogue de;;;;;;;;;x
job_spiritual_judaism_group;Court Rabbi;Court Rabbi;Court Rabbi;;Rabbi de la corte;;;;;;;;;x
temple_count_hindu;Guru;Guru;Guru;;Guru;;;;;;;;;x
temple_county_of_hindu;Bannab of;Bannab de;Bannab von;;Bannab de;;;;;;;;;x
temple_baron_hindu;Acharya;Acharya;Acharya;;Acharya;;;;;;;;;x
temple_barony_of_hindu;Mandir of;Mandir de;Mandir von;;Mandir de;;;;;;;;;x
job_spiritual_hindu;Court Acharya;Court Acharya;Court Acharya;;Acharya de la corte;;;;;;;;;x
temple_barony_orthodox;Metropolis;Metropolis;Metropolis;;Metropolis;;;;;;;;;x
temple_barony_of_orthodox;Metropolis of;Metropolis de;Metropolis von;;Metropolis del Jeque;;;;;;;;;x
temple_baron_orthodox;Metropolitan;Metropolitan;Metropolitan;;Metropolitan;;;;;;;;;x
HEAD_PRIEST_finnish_pagan_reformed;Ylipappi;Ylipappi;Ylipappi;;Ylipappi;;;;;;;;;x
HEAD_PRIESTESS_finnish_pagan_reformed;Ylipapitar;Ylipapitar;Ylipapitar;;Ylipapitar;;;;;;;;;x
HEAD_PRIEST_baltic_pagan_reformed;Vyriausiasis Kunigas;Vyriausiasis Kunigas;Vyriausiasis Kunigas;;Vyriausiasis Kunigas;;;;;;;;;x
HEAD_PRIESTESS_baltic_pagan_reformed;Didelis Vaidilute;Didelis Vaidilute;Didelis Vaidilute;;Didelis Vaidilute;;;;;;;;;x
HEAD_PRIEST_slavic_pagan_reformed;Vel'knaz;Vel'knaz;Vel'knaz;;Vel'knaz;;;;;;;;;x
HEAD_PRIESTESS_slavic_pagan_reformed;Vel'knazka;Vel'knazka;Vel'knazka;;Vel'knazka;;;;;;;;;x
temple_barony_finnish_pagan;Sacred Grove;Sacred Grove;Sacred Grove;;Sacred Grove;;;;;;;;;x
temple_barony_of_finnish_pagan;Sacred Grove of;Sacred Grove de;Sacred Grove von;;Sacred Grove del Jeque;;;;;;;;;x
temple_barony_finnish_pagan_reformed;Sacred Grove;Sacred Grove;Sacred Grove;;Sacred Grove;;;;;;;;;x
temple_barony_of_finnish_pagan_reformed;Sacred Grove of;Sacred Grove de;Sacred Grove von;;Sacred Grove del Jeque;;;;;;;;;x
#Merchant Republics;;;;;;;;;;;;;;x
family_palace_baron_muslim;Rais;Rais;Rais;;Rais;;;;;;;;;x
family_palace_baron_zoroastrian_group;Rais;Rais;Rais;;Rais;;;;;;;;;x
family_palace_baron_hindu;Rais;Rais;Rais;;Rais;;;;;;;;;x
city_duke_muslim;Hakim;Hakim;Hakim;;Hakim;;;;;;;;;x
city_king_muslim;Malik;Malik;Malik;;Malik;;;;;;;;;x
city_kingdom_of_muslim;Malikate of;Malikate de;Malikate von;;Malikate del Jeque de;;;;;;;;;x;
city_kingdom_muslim;Malikate;Malikate;Malikate;;Malikate;;;;;;;;;x;
family_palace_baron_central_germanic;Grand Burgher;Grand Bourgeois;Großbürger;;Gran Burgués;;;;;;;;;x
family_palace_baron_female_central_germanic;Grand Burgheress;Grande Bourgeoise;Großbürgerin;;Gran Burguesa;;;;;;;;;x
family_palace_baron_prussian;Grand Burgher;Grand Bourgeois;Großbürger;;Gran Burgués;;;;;;;;;x
family_palace_baron_female_prussian;Grand Burgheress;Grande Bourgeoise;Großbürgerin;;Gran Burguesa;;;;;;;;;x
family_palace_baron_bohemian;Grand Burgher;Grand Bourgeois;Großbürger;;Gran Burgués;;;;;;;;;x
family_palace_baron_female_bohemian;Grand Burgheress;Grande Bourgeoise;Großbürgerin;;Gran Burguesa;;;;;;;;;
#Minor Changes;;;;;;;;;;;;;;x
city_count_italian;Signore;Signore;Signore;;Signore;;;;;;;;;x
city_count_female_italian;Signora;Signora;Signora;;Signora;;;;;;;;;x
city_county_of_italian;Comune of;Comune de;Comune von;;Comune del Jeque;;;;;;;;;x
city_count_sicilian;Signore;Signore;Signore;;Signore;;;;;;;;;x
city_count_female_sicilian;Signora;Signora;Signora;;Signora;;;;;;;;;x
city_county_of_sicilian;Comune of;Comune de;Comune von;;Comune del Jeque;;;;;;;;;x
city_count_iberian;Corregidor;Corregidor;Corregidor;;Corregidor;;;;;;;;;x
city_county_of_iberian;Corregimento of;Corregimento of;Corregimento of;;Corregimento of;;;;;;;;;x
city_baron_iberian;Alcade;Alcade;Alcade;;Alcade;;;;;;;;;x
title_prince_iberian;Infante;Infante;Infante;;Infante;;;;;;;;;x
title_prince_female_iberian;Infanta;Infanta;Infanta;;Infanta;;;;;;;;;x
city_king_pagan_group;Paramount Chief;Paramount Chief;Paramount Chief;;Paramount Chief;;;;;;;;;x
city_duke_pagan_group;Tribal Elder;Tribal Elder;Tribal Elder;;Tribal Elder;;;;;;;;;x
city_count_pagan_group;Clan Elder;Clan Elder;Clan Elder;;Clan Elder;;;;;;;;;x
city_baron_pagan_group;Village Elder;Village Elder;Village Elder;;Village Elder;;;;;;;;;x
city_kingdom_of_pagan_group;Nation of;Nation of;Nation of;;Nation of;;;;;;;;;x
city_duchy_of_pagan_group;Tribe of;Tribe of;Tribe of;;Tribe of;;;;;;;;;x
city_county_of_pagan_group;Clan of;Clan of;Clan of;;Clan of;;;;;;;;;x
barony_of_north_african;Ksar of;Ksar de;Ksar von;;Ksar de;;;;;;;;;x
barony_north_african;Ksar;Ksar;Ksar;;Ksar;;;;;;;;;x
barony_of_saxon;Thanage of;Thanage de;Thanage von;;Thanage de;;;;;;;;;x
barony_saxon;Thanage;Thanage;Thanage;;Thanage;;;;;;;;;x
baron_saxon;Thane;Thane;Thane;;Thane;;;;;;;;;x
title_prince_saxon;Ætheling;Ætheling;Ætheling;;Ætheling;;;;;;;;;x
city_count_west_germanic;Reeve;Reeve;Reeve;;Reeve;;;;;;;;;x
city_count_west_germanic_female;Reeve;Reeve;Reeve;;Reeve;;;;;;;;;x
city_count_norman;Reeve;Reeve;Reeve;;Reeve;;;;;;;;;x
city_count_norman_female;Reeve;Reeve;Reeve;;Reeve;;;;;;;;;x
city_duke_west_germanic;High Reeve;High Reeve;High Reeve;;High Reeve;;;;;;;;;x
city_duke_west_germanic_female;High Reeve;High Reeve;High Reeve;;High Reeve;;;;;;;;;x
city_duke_norman;High Reeve;High Reeve;High Reeve;;High Reeve;;;;;;;;;x
city_duke_norman_female;High Reeve;High Reeve;High Reeve;;High Reeve;;;;;;;;;x
